SLURM_ARRAY_TASK_ID,samples
1,CA73YANXX_8_161220_BPO--017_Other_CTCTCTAC-TATCCTCT_R_161128_SHADIL_LIB2500_M002_R1.fastq.gz
2,CA73YANXX_8_161220_BPO--000_Other_TAAGGCGA-CTCTCTAT_R_161128_SHADIL_LIB2500_M002_R1.fastq.gz
3,CA73YANXX_8_161220_BPO--005_Other_TAAGGCGA-CTAAGCCT_R_161128_SHADIL_LIB2500_M002_R2.fastq.gz
4,CA73YANXX_8_161220_BPO--028_Other_CGAGGCTG-AAGGAGTA_R_161128_SHADIL_LIB2500_M002_R1.fastq.gz
5,CA73YANXX_8_161220_BPO--008_Other_CGTACTAG-CTCTCTAT_R_161128_SHADIL_LIB2500_M002_R1.fastq.gz
6,CA73YANXX_8_161220_BPO--021_Other_CTCTCTAC-CTAAGCCT_R_161128_SHADIL_LIB2500_M002_R2.fastq.gz
7,CA73YANXX_8_161220_BPO--011_Other_CGTACTAG-ACTGCATA_R_161128_SHADIL_LIB2500_M002_R1.fastq.gz
8,CA73YANXX_8_161220_BPO--015_Other_CGTACTAG-TCTCTCCG_R_161128_SHADIL_LIB2500_M002_R2.fastq.gz
9,CA73YANXX_8_161220_BPO--009_Other_CGTACTAG-TATCCTCT_R_161128_SHADIL_LIB2500_M002_R2.fastq.gz
10,CA73YANXX_8_161220_BPO--013_Other_CGTACTAG-CTAAGCCT_R_161128_SHADIL_LIB2500_M002_R2.fastq.gz
11,CA73YANXX_8_161220_BPO--026_Other_CGAGGCTG-GTAAGGAG_R_161128_SHADIL_LIB2500_M002_R2.fastq.gz
12,CA73YANXX_8_161220_BPO--020_Other_CTCTCTAC-AAGGAGTA_R_161128_SHADIL_LIB2500_M002_R2.fastq.gz
13,CA73YANXX_8_161220_BPO--019_Other_CTCTCTAC-ACTGCATA_R_161128_SHADIL_LIB2500_M002_R1.fastq.gz
14,CA73YANXX_8_161220_BPO--029_Other_CGAGGCTG-CTAAGCCT_R_161128_SHADIL_LIB2500_M002_R2.fastq.gz
15,CA73YANXX_8_161220_BPO--013_Other_CGTACTAG-CTAAGCCT_R_161128_SHADIL_LIB2500_M002_R1.fastq.gz
16,CA73YANXX_8_161220_BPO--000_Other_TAAGGCGA-CTCTCTAT_R_161128_SHADIL_LIB2500_M002_R1_fastqc.zip
17,CA73YANXX_8_161220_BPO--024_Other_CGAGGCTG-CTCTCTAT_R_161128_SHADIL_LIB2500_M002_R1.fastq.gz
18,CA73YANXX_8_161220_BPO--025_Other_CGAGGCTG-TATCCTCT_R_161128_SHADIL_LIB2500_M002_R2.fastq.gz
19,CA73YANXX_8_161220_BPO--022_Other_CTCTCTAC-CGTCTAAT_R_161128_SHADIL_LIB2500_M002_R2.fastq.gz
20,CA73YANXX_8_161220_BPO--001_Other_TAAGGCGA-TATCCTCT_R_161128_SHADIL_LIB2500_M002_R2.fastq.gz
21,CA73YANXX_8_161220_BPO--002_Other_TAAGGCGA-GTAAGGAG_R_161128_SHADIL_LIB2500_M002_R2.fastq.gz
22,CA73YANXX_8_161220_BPO--015_Other_CGTACTAG-TCTCTCCG_R_161128_SHADIL_LIB2500_M002_R1.fastq.gz
23,CA73YANXX_8_161220_BPO--007_Other_TAAGGCGA-TCTCTCCG_R_161128_SHADIL_LIB2500_M002_R1.fastq.gz
24,CA73YANXX_8_161220_BPO--028_Other_CGAGGCTG-AAGGAGTA_R_161128_SHADIL_LIB2500_M002_R2.fastq.gz
25,CA73YANXX_8_161220_BPO--006_Other_TAAGGCGA-CGTCTAAT_R_161128_SHADIL_LIB2500_M002_R2.fastq.gz
26,CA73YANXX_8_161220_BPO--027_Other_CGAGGCTG-ACTGCATA_R_161128_SHADIL_LIB2500_M002_R1.fastq.gz
27,CA73YANXX_8_161220_BPO--031_Other_CGAGGCTG-TCTCTCCG_R_161128_SHADIL_LIB2500_M002_R2.fastq.gz
28,CA73YANXX_8_161220_BPO--030_Other_CGAGGCTG-CGTCTAAT_R_161128_SHADIL_LIB2500_M002_R1.fastq.gz
29,CA73YANXX_8_161220_BPO--002_Other_TAAGGCGA-GTAAGGAG_R_161128_SHADIL_LIB2500_M002_R1.fastq.gz
30,CA73YANXX_8_161220_BPO--006_Other_TAAGGCGA-CGTCTAAT_R_161128_SHADIL_LIB2500_M002_R1.fastq.gz
31,CA73YANXX_8_161220_BPO--004_Other_TAAGGCGA-AAGGAGTA_R_161128_SHADIL_LIB2500_M002_R1.fastq.gz
32,CA73YANXX_8_161220_BPO--014_Other_CGTACTAG-CGTCTAAT_R_161128_SHADIL_LIB2500_M002_R1.fastq.gz
33,CA73YANXX_8_161220_BPO--000_Other_TAAGGCGA-CTCTCTAT_R_161128_SHADIL_LIB2500_M002_R2.fastq.gz
34,CA73YANXX_8_161220_BPO--020_Other_CTCTCTAC-AAGGAGTA_R_161128_SHADIL_LIB2500_M002_R1.fastq.gz
35,CA73YANXX_8_161220_BPO--018_Other_CTCTCTAC-GTAAGGAG_R_161128_SHADIL_LIB2500_M002_R2.fastq.gz
36,CA73YANXX_8_161220_BPO--019_Other_CTCTCTAC-ACTGCATA_R_161128_SHADIL_LIB2500_M002_R2.fastq.gz
37,CA73YANXX_8_161220_BPO--026_Other_CGAGGCTG-GTAAGGAG_R_161128_SHADIL_LIB2500_M002_R1.fastq.gz
38,CA73YANXX_8_161220_BPO--001_Other_TAAGGCGA-TATCCTCT_R_161128_SHADIL_LIB2500_M002_R1.fastq.gz
39,CA73YANXX_8_161220_BPO--003_Other_TAAGGCGA-ACTGCATA_R_161128_SHADIL_LIB2500_M002_R2.fastq.gz
40,CA73YANXX_8_161220_BPO--023_Other_CTCTCTAC-TCTCTCCG_R_161128_SHADIL_LIB2500_M002_R2.fastq.gz
41,CA73YANXX_8_161220_BPO--012_Other_CGTACTAG-AAGGAGTA_R_161128_SHADIL_LIB2500_M002_R2.fastq.gz
42,CA73YANXX_8_161220_BPO--027_Other_CGAGGCTG-ACTGCATA_R_161128_SHADIL_LIB2500_M002_R2.fastq.gz
43,CA73YANXX_8_161220_BPO--016_Other_CTCTCTAC-CTCTCTAT_R_161128_SHADIL_LIB2500_M002_R1.fastq.gz
44,CA73YANXX_8_161220_BPO--021_Other_CTCTCTAC-CTAAGCCT_R_161128_SHADIL_LIB2500_M002_R1.fastq.gz
45,CA73YANXX_8_161220_BPO--018_Other_CTCTCTAC-GTAAGGAG_R_161128_SHADIL_LIB2500_M002_R1.fastq.gz
46,CA73YANXX_8_161220_BPO--012_Other_CGTACTAG-AAGGAGTA_R_161128_SHADIL_LIB2500_M002_R1.fastq.gz
47,CA73YANXX_8_161220_BPO--005_Other_TAAGGCGA-CTAAGCCT_R_161128_SHADIL_LIB2500_M002_R1.fastq.gz
48,CA73YANXX_8_161220_BPO--004_Other_TAAGGCGA-AAGGAGTA_R_161128_SHADIL_LIB2500_M002_R2.fastq.gz
49,CA73YANXX_8_161220_BPO--024_Other_CGAGGCTG-CTCTCTAT_R_161128_SHADIL_LIB2500_M002_R2.fastq.gz
50,CA73YANXX_8_161220_BPO--025_Other_CGAGGCTG-TATCCTCT_R_161128_SHADIL_LIB2500_M002_R1.fastq.gz
51,CA73YANXX_8_161220_BPO--010_Other_CGTACTAG-GTAAGGAG_R_161128_SHADIL_LIB2500_M002_R1.fastq.gz
52,CA73YANXX_8_161220_BPO--030_Other_CGAGGCTG-CGTCTAAT_R_161128_SHADIL_LIB2500_M002_R2.fastq.gz
53,CA73YANXX_8_161220_BPO--014_Other_CGTACTAG-CGTCTAAT_R_161128_SHADIL_LIB2500_M002_R2.fastq.gz
54,CA73YANXX_8_161220_BPO--031_Other_CGAGGCTG-TCTCTCCG_R_161128_SHADIL_LIB2500_M002_R1.fastq.gz
55,CA73YANXX_8_161220_BPO--011_Other_CGTACTAG-ACTGCATA_R_161128_SHADIL_LIB2500_M002_R2.fastq.gz
56,CA73YANXX_8_161220_BPO--016_Other_CTCTCTAC-CTCTCTAT_R_161128_SHADIL_LIB2500_M002_R2.fastq.gz
57,CA73YANXX_8_161220_BPO--008_Other_CGTACTAG-CTCTCTAT_R_161128_SHADIL_LIB2500_M002_R2.fastq.gz
58,CA73YANXX_8_161220_BPO--022_Other_CTCTCTAC-CGTCTAAT_R_161128_SHADIL_LIB2500_M002_R1.fastq.gz
59,CA73YANXX_8_161220_BPO--023_Other_CTCTCTAC-TCTCTCCG_R_161128_SHADIL_LIB2500_M002_R1.fastq.gz
60,CA73YANXX_8_161220_BPO--007_Other_TAAGGCGA-TCTCTCCG_R_161128_SHADIL_LIB2500_M002_R2.fastq.gz
61,CA73YANXX_8_161220_BPO--003_Other_TAAGGCGA-ACTGCATA_R_161128_SHADIL_LIB2500_M002_R1.fastq.gz
62,CA73YANXX_8_161220_BPO--010_Other_CGTACTAG-GTAAGGAG_R_161128_SHADIL_LIB2500_M002_R2.fastq.gz
63,CA73YANXX_8_161220_BPO--029_Other_CGAGGCTG-CTAAGCCT_R_161128_SHADIL_LIB2500_M002_R1.fastq.gz
64,CA73YANXX_8_161220_BPO--017_Other_CTCTCTAC-TATCCTCT_R_161128_SHADIL_LIB2500_M002_R2.fastq.gz
65,CA73YANXX_8_161220_BPO--009_Other_CGTACTAG-TATCCTCT_R_161128_SHADIL_LIB2500_M002_R1.fastq.gz
